noms des fichiers;Indices commerciaux
07genRVB.svg;7
08genRVB.svg;8
20genRVB.svg;20
21genRVB.svg;21
22genRVB.svg;22
24genRVB.svg;24
25genRVB.svg;25
26genRVB.svg;26
27genRVB.svg;27
28genRVB.svg;28
29genRVB.svg;29
30genRVB.svg;30
31genRVB.svg;31
32genRVB.svg;32
35genRVB.svg;35
38genRVB.svg;38
39genRVB.svg;39
40genRVB.svg;40
42genRVB.svg;42
43genRVB.svg;43
45genRVB.svg;45
46genRVB.svg;46
47genRVB.svg;47
48genRVB.svg;48
52genRVB.svg;52
54genRVB.svg;54
56genRVB.svg;56
57genRVB.svg;57
58genRVB.svg;58
59genRVB.svg;59
60genRVB.svg;60
61genRVB.svg;61
62genRVB.svg;62
63genRVB.svg;63
64genRVB.svg;64
66genRVB.svg;66
67genRVB.svg;67
68genRVB.svg;68
68genRVB.svg;69
70genRVB.svg;70
71genRVB.svg;71
72genRVB.svg;72
73genRVB.svg;73
74genRVB.svg;74
75genRVB.svg;75
76genRVB.svg;76
77genRVB.svg;77
80genRVB.svg;80
82genRVB.svg;82
83genRVB.svg;83
84genRVB.svg;84
85genRVB.svg;85
86genRVB.svg;86
87genRVB.svg;87
88genRVB.svg;88
89genRVB.svg;89
91genRVB.svg;91
92genRVB.svg;92
93genRVB.svg;93
94genRVB.svg;94
95genRVB.svg;95
96genRVB.svg;96
PCgenRVB.svg;98
101genRVB.svg;101
102genRVB.svg;102
103genRVB.svg;103
104genRVB.svg;104
105genRVB.svg;105
106genRVB.svg;106
107genRVB.svg;107
108genRVB.svg;108
109genRVB.svg;109
110genRVB.svg;110
111genRVB.svg;111
112genRVB.svg;112
113genRVB.svg;113
114genRVB.svg;114
115genRVB.svg;115
116genRVB.svg;116
117genRVB.svg;117
118genRVB.svg;118
119genRVB.svg;119
120genRVB.svg;120
121genRVB.svg;121
122genRVB.svg;122
123genRVB.svg;123
124genRVB.svg;124
125genRVB.svg;125
126genRVB.svg;126
127genRVB.svg;127
128genRVB.svg;128
129genRVB.svg;129
131genRVB.svg;131
132genRVB.svg;132
133genRVB.svg;133
134genRVB.svg;134
137genRVB.svg;137
138genRVB.svg;138
139genRVB.svg;139
140genRVB.svg;140
141genRVB.svg;141
143genRVB.svg;143
144genRVB.svg;144
145genRVB.svg;145
146genRVB.svg;146
147genRVB.svg;147
148genRVB.svg;148
150genRVB.svg;150
151genRVB.svg;151
152genRVB.svg;152
153genRVB.svg;153
154genRVB.svg;154
156genRVB.svg;156
157genRVB.svg;157
158genRVB.svg;158
159genRVB.svg;159
160genRVB.svg;160
161genRVB.svg;161
162genRVB.svg;162
163genRVB.svg;163
164genRVB.svg;164
165genRVB.svg;165
166genRVB.svg;166
167genRVB.svg;167
168genRVB.svg;168
169genRVB.svg;169
170genRVB.svg;170
171genRVB.svg;171
172genRVB.svg;172
173genRVB.svg;173
174genRVB.svg;174
175genRVB.svg;175
176genRVB.svg;176
177genRVB.svg;177
178genRVB.svg;178
179genRVB.svg;179
180genRVB.svg;180
181genRVB.svg;181
182genRVB.svg;182
183genRVB.svg;183
184genRVB.svg;184
185genRVB.svg;185
186genRVB.svg;186
187genRVB.svg;187
188genRVB.svg;188
189genRVB.svg;189
190genRVB.svg;190
191genRVB.svg;191
192genRVB.svg;192
194genRVB.svg;194
195genRVB.svg;195
196genRVB.svg;196
197genRVB.svg;197
199genRVB.svg;199
201genRVB.svg;201
203genRVB.svg;203
206genRVB.svg;206
207genRVB.svg;207
210genRVB.svg;210
211genRVB.svg;211
212genRVB.svg;212
213genRVB.svg;213
214genRVB.svg;214
215genRVB.svg;215
216genRVB.svg;216
217genRVB.svg;217
220genRVB.svg;220
221genRVB.svg;221
234genRVB.svg;234
235genRVB.svg;235
237genRVB.svg;237
238genRVB.svg;238
239genRVB.svg;239
240genRVB.svg;240
241genRVB.svg;241
244genRVB.svg;244
247genRVB.svg;247
248genRVB.svg;248
249genRVB.svg;249
250genRVB.svg;250
251genRVB.svg;251
252genRVB.svg;252
253genRVB.svg;253
254genRVB.svg;254
255genRVB.svg;255
256genRVB.svg;256
258genRVB.svg;258
259genRVB.svg;259
260genRVB.svg;260
261genRVB.svg;261
262genRVB.svg;262
267genRVB.svg;267
268genRVB.svg;268
269genRVB.svg;269
270genRVB.svg;270
272genRVB.svg;272
274genRVB.svg;274
275genRVB.svg;275
276genRVB.svg;276
278genRVB.svg;278
279genRVB.svg;279
281genRVB.svg;281
283genRVB.svg;283
285genRVB.svg;285
286genRVB.svg;286
289genRVB.svg;289
290genRVB.svg;290
291genRVB.svg;291
292genRVB.svg;292
293genRVB.svg;293
294genRVB.svg;294
295genRVB.svg;295
297genRVB.svg;297
299genRVB.svg;299
301genRVB.svg;301
302genRVB.svg;302
303genRVB.svg;303
304genRVB.svg;304
306genRVB.svg;306
308genRVB.svg;308
310genRVB.svg;310
312genRVB.svg;312
317genRVB.svg;317
318genRVB.svg;318
319genRVB.svg;319
320genRVB.svg;320
321genRVB.svg;321
322genRVB.svg;322
323genRVB.svg;323
325genRVB.svg;325
330genRVB.svg;330
333genRVB.svg;333
334genRVB.svg;334
337genRVB.svg;337
341genRVB.svg;341
346genRVB.svg;346
347genRVB.svg;347
348genRVB.svg;348
349genRVB.svg;349
350genRVB.svg;350
351genRVB.svg;351
352genRVB.svg;352
353genRVB.svg;353
354genRVB.svg;354
355genRVB.svg;355
356genRVB.svg;356
357genRVB.svg;357
358genRVB.svg;358
360genRVB.svg;360
361genRVB.svg;361
363genRVB.svg;363
366genRVB.svg;366
367genRVB.svg;367
368genRVB.svg;368
370genRVB.svg;370
372genRVB.svg;372
378genRVB.svg;378
379genRVB.svg;379
380genRVB.svg;380
385genRVB.svg;385
388genRVB.svg;388
389genRVB.svg;389
390genRVB.svg;390
391genRVB.svg;391
392genRVB.svg;392
393genRVB.svg;393
394genRVB.svg;394
395genRVB.svg;395
396genRVB.svg;396
399genRVB.svg;399
421genRVB.svg;421
426genRVB.svg;426
427genRVB.svg;427
428genRVB.svg;428
429genRVB.svg;429
459genRVB.svg;459
460genRVB.svg;460
467genRVB.svg;467
469genRVB.svg;469
471genRVB.svg;471
475genRVB.svg;475
485genRVB.svg;485
486genRVB.svg;486
487-genRVB.svg;487
488genRVB.svg;488
492genRVB.svg;492
495genRVB.svg;495
496genRVB.svg;496
499genRVB.svg;499
501genRVB.svg;501
506genRVB.svg;506
512genRVB.svg;512
513genRVB.svg;513
515genRVB.svg;515
518genRVB.svg;518
519genRVB.svg;519
520genRVB.svg;520
524genRVB.svg;524
526genRVB.svg;526
528genRVB.svg;528
537genRVB.svg;537
538genRVB.svg;538
542genRVB.svg;542
545genRVB.svg;545
546genRVB.svg;546
551genRVB.svg;551
556genRVB.svg;556
559genRVB.svg;559
560genRVB.svg;560
562genRVB.svg;562
563genRVB.svg;563
564genRVB.svg;564
565genRVB.svg;565
566genRVB.svg;566
569genRVB.svg;569
571genRVB.svg;571
572genRVB.svg;572
573genRVB.svg;573
576genRVB.svg;576
577genRVB.svg;577
578genRVB.svg;578
579genRVB.svg;579
580genRVB.svg;580
581genRVB.svg;581
582genRVB.svg;582
583genRVB.svg;583
585genRVB.svg;585
587genRVB.svg;587
592genRVB.svg;592
593genRVB.svg;593
594genRVB.svg;594
595genRVB.svg;595
601genRVB.svg;601
602genRVB.svg;602
603genRVB.svg;603
604genRVB.svg;604
605genRVB.svg;605
606genRVB.svg;606
607genRVB.svg;607
609genRVB.svg;609
610genRVB.svg;610
611genRVB.svg;611
613genRVB.svg;613
615genRVB.svg;615
616genRVB.svg;616
617genRVB.svg;617
618genRVB.svg;618
619genRVB.svg;619
620genRVB.svg;620
623genRVB.svg;623
627genRVB.svg;627
637genRVB.svg;637
640genRVB.svg;640
641genRVB.svg;641
642genRVB.svg;642
644genRVB.svg;644
645genRVB.svg;645
690genRVB.svg;690
900genRVB.svg;900
901genRVB.svg;901
902genRVB.svg;902
903genRVB.svg;903
208a-genRVB.svg;208a
208ab-genRVB.svg;208ab
208abs-genRVB.svg;208abs
208b-genRVB.svg;208b
208s-genRVB.svg;208s
320agenRVB.svg;320a
320bgenRVB.svg;320b
340-ocre-genRVB.svg;340-ocre
340-rose-genRVB.svg;340-rose
485sgenRVB.svg;485s
487a-genRVB.svg;487a
487b-genRVB.svg;487b
487c-genRVB.svg;487c
487d-genRVB.svg;487d
541-Buseolien1-gen-RVB.svg;541-Buseolien1
541-Buseolien2-gen-RVB.svg;541-Buseolien2
544-AS-Azur-genRVB.svg;544-AS-Azur
544-AS-Perv-genRVB.svg;544-AS-Perv
544-AS-Sap-genRVB.svg;544-AS-Sap
559agenRVB.svg;559a
559bgenRVB.svg;559b
559cgenRVB.svg;559c
559dgenRVB.svg;559d
574-TUC-E-genRVB.svg;574-TUC-E
574-TUC-O-genRVB.svg;574-TUC-O
580-t-igr-genRVB.svg;580-t-igr
584-Valouette-V5-perv-genRVB.svg;584-Valouette-V5-perv
584-Valouette-V5-vert-genRVB.svg;584-Valouette-V5-vert
586-la colombe-Lilas-genRVB.svg;586-la colombe-Lilas
586-la colombe-Parme-genRVB.svg;586-la colombe-Parme
589-Tuvim-a-genRVB.svg;589-Tuvim-a
589-Tuvim-b-genRVB.svg;589-Tuvim-b
589-Tuvim-c-genRVB.svg;589-Tuvim-c
597-l'Hirondelle-genRVB.svg;597-l'Hirondelle
597-l'Hirondelle-B-genRVB.svg;597-l'Hirondelle-B
COP21genRVB.svg;COP21
funiculaireRVB.svg;funiculaire
M1genRVB.svg;M1
M10genRVB.svg;M10
M11genRVB.svg;M11
M12genRVB.svg;M12
M13genRVB.svg;M13
M14genRVB.svg;M14
M2genRVB.svg;M2
M3genRVB.svg;M3
M3bisgenRVB.svg;M3bis
M4genRVB.svg;M4
M5genRVB.svg;M5
M6genRVB.svg;M6
M7genRVB.svg;M7
M7bisgenRVB.svg;M7bis
M8genRVB.svg;M8
M9genRVB.svg;M9
NavetteRERAgenRVB-01.svg;NavetteRERA-01
Noct-01-genRVB.svg;N01
Noct-02-genRVB.svg;N02
Noct-11-genRVB.svg;N11
Noct-12-genRVB.svg;N12
Noct-122-genRVB.svg;N122
Noct-13-genRVB.svg;N13
Noct-130-genRVB.svg;N130
Noct-131-genRVB.svg;N131
Noct-132-genRVB.svg;N132
Noct-133-genRVB.svg;N133
Noct-134-genRVB.svg;N134
Noct-135-genRVB.svg;N135
Noct-14-genRVB.svg;N14
Noct-140-genRVB.svg;N140
Noct-141-genRVB.svg;N141
Noct-142-genRVB.svg;N142
Noct-143-genRVB.svg;N143
Noct-144-genRVB.svg;N144
Noct-145-genRVB.svg;N145
Noct-15-genRVB.svg;N15
Noct-150-genRVB.svg;N150
Noct-151-genRVB.svg;N151
Noct-152-genRVB.svg;N152
Noct-153-genRVB.svg;N153
Noct-154-genRVB.svg;N154
Noct-16-genRVB.svg;N16
Noct-21-genRVB.svg;N21
Noct-22-genRVB.svg;N22
Noct-23-genRVB.svg;N23
Noct-24-genRVB.svg;N24
Noct-31-genRVB.svg;N31
Noct-32-genRVB.svg;N32
Noct-33-genRVB.svg;N33
Noct-34-genRVB.svg;N34
Noct-35-genRVB.svg;N35
Noct-41-genRVB.svg;N41
Noct-42-genRVB.svg;N42
Noct-43-genRVB.svg;N43
Noct-44-genRVB.svg;N44
Noct-45-genRVB.svg;N45
Noct-51-genRVB.svg;N51
Noct-52-genRVB.svg;N52
Noct-53-genRVB.svg;N53
Noct-61-genRVB.svg;N61
Noct-62-genRVB.svg;N62
Noct-63-genRVB.svg;N63
Noct-66-genRVB.svg;N66
Noct-71-genRVB.svg;N71
OrlyvalRVB.svg;Orlyval
P15-genRVB.svg;P15
P17-Hourtoule-genRVB.svg;P17-Hourtoule
P20-genRVB.svg;P20
P20-MOBICAPS-genRVB.svg;P20-MOBICAPS
P24-genRVB.svg;P24
P30-genRVB.svg;P30
P307-genRVB.svg;P307
P34-genRVB.svg;P34
P39,07-SAVAC-genRVB.svg;P39,07-SAVAC
P40-Phebus-genRVB.svg;P40-Phebus
P45-genRVB.svg;P45
P4-MOBICAPS-genRVB.svg;P4-MOBICAPS
P50-genRVB.svg;P50
P60-genRVB.svg;P60
P91,08-genRVB.svg;P91,08
PCastor-genRVB.svg;PCastor
RERAgenRVB.svg;RER A
RERBgenRVB.svg;RER B
T1genRVB.svg;T1
T2genRVB.svg;T2
T3a-genRVB.svg;T3a
T3b-genRVB.svg;T3b
T5genRVB.svg;T5
T6genRVB.svg;T6
T7genRVB.svg;T7
T8genRVB.svg;T8
TVMgenRVB.svg;TVM
B-flou0-160x160-bleu.svg;B
T-flou0-160x160-bleu.svg;T
R-flou0-160x160-bleu.svg;R
M-flou0-160x160-bleu.svg;M
Tr-flou0-160x160-bleu.svg;Tr
